"HolderAddress","Balance","PendingBalanceUpdate"
"0x006e5073bda594255c3c732f1979af99e54d8fe9","4420.91288245737","No"
"0x00c6a1a5f61558491bc8ceda03fdb4658513ccea","0.0835986092772571","No"
"0x00f4aa8ef0f1d5ab56eec639ddf5bd751db89eb6","31000","No"
"0x0138e3581057c003ef231fa45967b5034056089c","43750","No"
"0x0268dd89c99752d5096c6e0f032cd3d7e62ebdb5","519.972196478221","No"
"0x026ba21bfc192eea87d53a0d4d47ccc0ebc465b8","1985.64860889542","No"
"0x02a985b1112bf79f0761a45dba44b5d13c3f3b9f","2000","No"
"0x02ac7b7229c309bcbd4bae60cdf347251c9cad6b","15138.7362673987","No"
"0x03056807f2c85db7645611cdac3cd4d16ab34fea","73.8515120671539","No"
"0x03675ada367329ae4de1c04213ad1274a21422a0","1512.53476161091","No"
"0x03add75ef5b57fcdd1103a46772e41850b675e4e","4381.45194059622","No"
"0x03b3c144bf0ad692245d451eb8f9997182954259","135357.487921619","No"
"0x05f51de33bd21abd4172634eddc78c8884212033","67268.9186689487","No"
"0x0657d0ce74a252d48d87c7f7ccb0f8c7089866fd","2000","No"
"0x07029499d002f0bac847de418c26ede67ecfc9f2","5500.44978002949","No"
"0x076cd3bd1ab06f90058a8550c4d37e382c55ca90","1266.209860155","No"
"0x0785f9f777c252e1d1058e675c19cb13ad22e39c","16200","No"
"0x0854d837fd4db6ed9626e8eaf940e7ed48269277","1358837.81413953","No"
"0x08be042ecebf51988bcfb206b7ee75ebdbdd8ee0","36271.1350836616","No"
"0x0a88beb7b0fb6c01970b5d3aa8fd2d12b07bebe6","12457.2289156712","No"
"0x0ad76797ea58f20f91179a0b183e8b6c1cd90966","1389.70377560262","No"
"0x0cd929079c60fdcb3af959c2bd6afc1d5cb0e0fc","2000","No"
"0x0cf049efaff8121b27a66d1b8d200e9c9694fabb","12962.4910475705","No"
"0x0d117fc5a742e1caaaea3add9faf6ec4353c65b5","17.5240587224264","No"
"0x0d31b37225f5505cf3038985492546f52df5f99d","78296.237244898","No"
"0x0e94dd9b9583f4726103b263915e12fe29d2ef81","16051.2925979012","No"
"0x0f5540a479bb9099ada1a04b702769c0564d736f","29604.5216398607","No"
"0x0fe83fae58eb49cc91ca9f26f8dcac61500991b8","3122.1427163392","No"
"0x0ff33fe9bfd306b4973d94c5c02d43fd28fdcae3","2000","No"
"0x0ff523a68689b94f265f0f28cb7f70bd636c62b4","2000","No"
"0x1112c9c86aba7edcc60c15a8616ad9c164b25b33","2000","No"
"0x116eb0e327f276c9f73b189f78727a3d0d6a3baa","76602.8120886579","No"
"0x117fe30feca1a1fadf64eaf87d6294299aae1834","31250","No"
"0x12d75e78a1007dd1f66e2e1859464d814cfcb5dd","261.155360083297","No"
"0x12d7bb0cda20b111b83ae187b9a90cf29e76f93e","332345.663160519","No"
"0x12ec315aac49585b82718eca7db6daf7b0e7ccac","2000","No"
"0x1448a70529a705768a6890e9d1d81f9779561cdf","2000","No"
"0x1448cf925eed0436b7da67a4deab76d9c09029c2","5147510.57712116","No"
"0x14907e2c986d9aefa17d566505d64adc172b32b9","2000","No"
"0x156548113552bb52ae921a0b44794a6a5f588c9c","12350.5536612384","No"
"0x157a8c092a9544fb84ed06d633956c1aba075e9f","3427.09418016376","No"
"0x15c172728c45bfdbe1673a5fe216aae57e432df9","1392.37994704814","No"
"0x170fe59ec78d9890cf768aa1693a8b51ad21552e","43750","No"
"0x183b2f947e172fe5d14c33956cb80c9b0b9dec8e","1445.78313324999","No"
"0x196c1c559cfaaadbf3bcf585332375d22b65fa24","8238.83448555835","No"
"0x19820e139437122c3455d28036e52b8685c06d83","1209.453197405","No"
"0x1aa28d9c3ba86f28a6b4785720bccf8983322747","395346.784096038","No"
"0x1ab64cd699386966ff214a20e46c5f8239a67b11","50014.6979521085","No"
"0x1be6d74623190779680d3154994d36d4ac0129fc","6.65761549863429","No"
"0x1bffbd4a935c8a9d74af330d6b50864e9a4c7bd2","45853764.4852923","No"
"0x1c8c788cea19174de249f79a1b9386607a6c9c24","2000","No"
"0x1cae141ec4f5becd042d8df35e397b00c26e0e8a","7479.74874721911","No"
"0x1e4478dff7a83392ea03c0154a21a937df405230","30000","No"
"0x1e8717ec4e27f528f34d8acb7cb2c3424928ef9b","0.699063003636799","No"
"0x1f137f133df19d65669165a0963fe72485c7fd0a","33642.7395003522","No"
"0x1f84833dcb4e7421fe691cb64369580c1e48b287","0.784774153907223","No"
"0x1fb31802a236649679aeded8920d104c1f5bbd78","6408.71177015757","No"
"0x1ff2914a2f9faedb1361bd405354d6887f9292f3","90713.8297067391","No"
"0x218cf13e4dfc67ac478fe16a982b0fca00ca8d6e","23598.5460486086","No"
"0x222503e26161b94138de6cffd82e8ecd4182688c","2000","No"
"0x2281bb8de864ee1afefc026fb022c8bc2fc9ff3d","2000","No"
"0x22d7b4f4169c7257b2bf9c0b7ce4903fb69a14ce","62000","No"
"0x2315e6d7eef05db8a2fd4ade00c5d97954ac7749","21200","No"
"0x2380f7d1ebca8044f6489c504628c8cac41b9557","179.370597395604","No"
"0x241202a851dbb3cbe68a42ac2c7f11ab2628a5da","1.2508E-14","No"
"0x24ccb126149c236a2683af179f278bdeef65c4b4","2000","No"
"0x254612b83ebfcc2cc81de75d26c6ccb7419dadfd","150000","No"
"0x25fca061759570cdb60fdb7ab3f7fd4a302abea9","56200","No"
"0x26280c84403e25d0316d67e3f78e1170a6cd69bb","11561.7442106928","No"
"0x26bf57be8edfba58beceb2ed9b6779c3089c4563","603706.500693253","No"
"0x274b8752ca123712d9b966e53673092bb4d10311","53777464","No"
"0x277f503b8dece63e47ac5c25ad1cbd94860f4a27","1876.73772013495","No"
"0x27afaca1427a76c242f8baa6deb1258c7cde7bdf","1000","No"
"0x27c26ed7612d613e8011b01bd02754cdde6898b0","2000","No"
"0x28683f7ee8d4c0bc197bc6903f2657665134cc02","77.7548595665217","No"
"0x287762f36c58508cfad330248028b8787b059dc2","43700","No"
"0x290086e644023078ae36c156a9280165a41a9cfe","410.858443029865","No"
"0x2912028a554199397d6be30a914edf72eab3602b","96887.9078305057","No"
"0x291f442da54754ac3c8eb232469ff9424ef59faa","43750","No"
"0x2aa7707ce3695241048b48eecc77126158dd960b","1","No"
"0x2ad2264a0755936137ac256fd9d742feee7ab5ff","90892.178714336","No"
"0x2b5b2d0273838b9e7e1814672c23b208dc3d252c","44816.8000687049","No"
"0x2b5bebca8c546153eaeaf46dea46303167934111","1.00140137680366","No"
"0x2c561ecb79c4bca373b96c8398390bc90163dc57","1000","No"
"0x2d64291ab36ed22217ba2266c73024de94da819a","2000","No"
"0x2db5e12516bbbdb485351710bff5beb613136d26","201461.719758899","No"
"0x2ebd947294128488b2edd1a90a941c28b0fed8e5","43700","No"
"0x2ec698480f860dcd4d6e78f5fc13f94739cb032f","40311.5750714998","No"
"0x2efe05b6670f30ddda94f24bb89adb709a238404","0.564534856137537","No"
"0x30e25eaa01f60acf52470ccfc57cad3e245b43c9","0.000304094488494085","No"
"0x3144393033b0263c183044ca6952b09465e97813","2000","No"
"0x319b916a699865618121b99e66e34b1cc597ec32","234776.068456516","No"
"0x31fb09059f69aff0f2be01174f104becfb959419","0.207034111770826","No"
"0x328d3019502d025c22f77e95bda08477fc8e0ea6","31250","No"
"0x333ad4bd869b12fb3b1c883cf2f1c89b685e018c","9.93949311551909","No"
"0x33f13deb3b6abba5be81d9bfc18a65bab7efa5f0","27034.0315107461","No"
"0x340fe1d898eccaad394e2ba0fc1f93d27c7b717a","121970494.174197","No"
"0x3518361a577cfbc79efed7b44885b957c34a4a79","971049.490111484","No"
"0x35b3880c7e4dd91c5ec0b3b5944829ecb56d540a","395.053993277904","No"
"0x35e8bc1f92f64f0fe4c697d6cb4ddf19bbfef440","150000","No"
"0x368381c36033ceb2c2e718163dbb7e965111ac98","2778.2745920105","No"
"0x3739c8ad30316c2b954213dc19d7b525f92ba6f0","20","No"
"0x37841033bc4373fba75419ae05d8100912812d12","46410.1932345365","No"
"0x37df46034da620029605b369b717fb4e2580f16c","5945.51598001899","No"
"0x37ff08ee6b1c833154e96251675115dfa1af05d3","5066.58040549502","No"
"0x38778748e180e9f1392f22cdcd97c6beea7466b7","24341.4377707414","No"
"0x39642e6f48e210f9285b0025aa49957cee7b7c4f","10615.8826042833","No"
"0x396a6d7a33655c45044143cb8a812227bf279578","232681.666554565","No"
"0x3a03605ff5cd1a702d8cf4ec1ea51326dd802477","4644.52646094745","No"
"0x3a285efc6302eca50d7e82db79608f510174ad9c","0.0103767593118489","No"
"0x3a88b3f4495cb7d4e3b87bfa6cdc8dfb2103a173","332.71946010643","No"
"0x3a9fefb29397f61197481ba2cceca6c8d2d07e8d","1686.37332281667","No"
"0x3ab8c2c27a9c1a0b396758a77719e361b87240d6","1808.72618099886","No"
"0x3bcf3b325b866eb9acd12f96edeec55dec6c26c3","24.7945073165778","No"
"0x3bf162f7f6da6b67b604c56bdf6945f1ecd39d96","2215.01390176089","No"
"0x3c6ec8fb33537a487d097c4491d3d81ae43c5f9d","2000","No"
"0x3cc122f2a68fc25bab332be1afd6009e03a6614f","519810.315477663","No"
"0x3df802578dfbb0609c4e4a1fc5b8842608c08353","2000","No"
"0x3e0d0c863fe6d2fefb455d9e336914e4ec62dab9","0.0484998973115318","No"
"0x3e90ca7a90d38f4680252bc065a06e3beec5c025","3039.85171456566","No"
"0x3edaa502f15bbe0e726bcdc1fcac341040e4103f","0.179414737772447","No"
"0x3fdc5d351f555c5c8fa622f9ecbd7bce9fd9a469","1399.44392978852","No"
"0x40fa7ce598b335e9cac534d61fd44754c394bc49","2000","No"
"0x410bc74601073b9b94985d951b4be44e6ef44d39","501.229591836735","No"
"0x416de0c3f6271a8d043a48ef1d38dff216e12a94","14376.9730582339","No"
"0x41a1bdd4d8a4d5ed7d2ce3454bfe7db53c867b29","565129.298122987","No"
"0x41c0b367d70c37139ac50c46975242e590f74dbc","60377.1554490298","No"
"0x43c40c8a2e63de6fc79928bfa27648a6698b9999","91009.1493297556","No"
"0x43ce4e00499c612db481f324baafbd7a050e39b6","538214.197441896","No"
"0x455370afe0544b59c8c724e00d4714632b643e6b","75000","No"
"0x455a89ceaf1dfb149c9fc166b84e694555b63766","8.79544590525223","No"
"0x45614680bd415d2b52b599210fe837b6df0945cf","4000","No"
"0x465d5b03ac86233fa50835984ec1d881f7a9dd8c","2000","No"
"0x489389ed41c0413d93956535b57be1ebfb0f3d6e","33866.8320436239","No"
"0x49502d55419fe82e57e7b73e26188fafe4a8170a","18494.7957273963","No"
"0x4ab13fd4d285bc4cbf80c767afb5ff288f7b1eb2","1556.99721964787","No"
"0x4b7f1fd66d1b5042bb47a1a45768614ea278f626","2006411.39954882","No"
"0x4b95af093343d39b9f2edbf9188075a355dd235d","901.555918367347","No"
"0x4bbe0fd0bdec55e074c5e6ea9f4f627aff31e93a","0.0783530122181382","No"
"0x4cc0e7e60b38e56651bc4b8633e88d4c4e90ff93","2660.96938779524","No"
"0x4ce3bc8cf84e09a4f725632548f0fd5592d6f533","70435.4669070495","No"
"0x4ce64d7fce65e893876018f1ae68f2c97fdefa3a","12464.8645033471","No"
"0x4e7b1f5d52889144eb73ed4aff7b2dbaa511c6f3","235600.951758491","No"
"0x4ec9cace98f00f0bab60c0c542cd9d43f66e8cb6","76711.8082005267","No"
"0x4ee9dad8eca4deb4bf75629bde9ca55c6c08e348","2000","No"
"0x4f0ddbe55a499e6d15cb917922154434545ffa8c","6.1394980012259","No"
"0x4f93110dd9ba91213c56b8cb9fdbe7f10caa0cdc","37.7188148758913","No"
"0x4ffd0a59a26cb2aa76d403215e4cc2845c053994","1273.91430020587","No"
"0x5026cf4f0d1cd0028b5f6c91efc53e09eb190519","8850000","No"
"0x511746cf1776e4e1242e4fa577a5b89619727e9b","1000","No"
"0x5136ad87d75cf32a50d0d5f09ed64e7d1d2cf7aa","2000","No"
"0x51e27ac9cfaa5b77ac9268fd7487c79932a54c57","31000","No"
"0x523f6b392de1b81031eb0ae48dc9b1fd85a67bd7","9633.9202965709","No"
"0x52fcaed1f886aa5a2f02ebad8365afd2ca722b04","23137.1113739907","No"
"0x532bbe1036fd3c8ce60ab92fc4626d5eb3a50657","34000","No"
"0x534e0b0dac52d66b0755e45d4f412da1d4249c25","2000","No"
"0x54b937e7f96ee3195832a3efdf363a168bc5c0d1","2000","No"
"0x57a85a21fbb75331847679c0c58167237ad304f4","3741.19806263102","No"
"0x5850b8d05b15aed14acae56493b30ef63671b0f5","0.0843279714329519","No"
"0x58b5af3e822b961db7a9232ec15db427d507c766","722271.546777142","No"
"0x5901a5416ac8dcf2b0ee76d302ae55bb6d09520b","1964.78220593313","No"
"0x590480bc3509f0ffe9bd11dfe16aa0d75a017824","1370.77378459229","No"
"0x5ac1f0b2ee43048beb1bc76a85763cfb3d23ce0b","7860.34797843506","No"
"0x5ac6dfd5080ef01335a47d8438c999f5fa6c3c0c","297962.47524527","No"
"0x5c6eb31c6119d3e05b817c5a0e3e8f989aaccc65","2000","No"
"0x5e34c287520d56e36284fdab88e3c39987cb1420","0.120732295219433","No"
"0x5eb3b9aaa4367d5f13b6db7eecc2def81c7f8aca","46599.2354089225","No"
"0x5f5d9ad05752c464a027ff85ad91ec6c38a175e0","1658965.29664164","No"
"0x6001acfd9ec2884c06f818e7ab3f600ace180d43","56000","No"
"0x6020b55e2bf6746e513a1e99561cb50843fb6f28","0.558000171261651","No"
"0x60dda28d5362bb935dd2e04e00680e37234af127","7103.79981494787","No"
"0x6108d08f46ea39d9d8319333da2d1c22d1f9a51f","394.67099248583","No"
"0x615f906228379e03ed248653c9d7c5c6adecf245","2000","No"
"0x62f27e5107fcf89b17966dad5991437018d0e502","2000","No"
"0x63db397be8c5ecf0bb1fd70a486c59a7a48940de","500","No"
"0x64a45cb481f4622f726c85849eac03b28064a190","11775.7414284311","No"
"0x64a7cc1a3235fcffe0cc00f576fa61bea5ddc43c","17261.3513999432","No"
"0x64dcaab4052b72949bd9ca7d1d7eb01c6f8442ae","2795.60980890609","No"
"0x651ad004f615be56abe4c7acf9b34ce416dd3591","4206.97534995718","No"
"0x65254ed4a0e07fc294a74f45baef9efde64759ae","1248.90075019719","No"
"0x65f9052a125485a21b85f2416fb7819437b43fcc","9175.20214755559","No"
"0x66633cc6b84cd127a0bb84864c1a4ea0172469a6","10998.8197691414","No"
"0x66e96b67e9e6cc1fcd7232daa7bbb73b4af31fe4","19648.8032828034","No"
"0x67caa2d0af9271805d6f68af6c4ec1016ebd33e9","49.8092954594419","No"
"0x67cd5a9bc64c2a26e34d7bc87a7998667df7f389","1778725.22949905","No"
"0x68110b9766cf39a549af2ce2159fa7195fc55776","9456.76755004042","No"
"0x6825ec500953441edaac2f07606b1e1c4b22a69c","13.3141602571963","No"
"0x686e39ff9f096c28f12e52f4068c26ad05cfd05b","1462146.01088246","No"
"0x6c2693f5a936f37ed03cfa8465bf2d8beff19a0f","1883.94265576569","No"
"0x6c89cfc012fa849fb72c1b9b97d3a4200439e6b7","0.444713170702156","No"
"0x6c8a9c2a088af3dc5fd1a5cf32bfc3c865a6a9c6","100100","No"
"0x6d8a369592409da6d20255a5ae1ec2936d822764","325982.295918367","No"
"0x6d9807d18374f33213de86917937544a7095e39e","419829.788435142","No"
"0x6eef56e4bd5062d1a1216d10db0690d30e9d932b","4587.58109381672","No"
"0x7221248a8fe0fe0e2bad6d8ec4a0933f463a3549","33228.9442426796","No"
"0x7269f0d29798f76d2adf4987a5fa142096402602","178.827578627637","No"
"0x72ccd287caf23d839ab9760ee3c55dc4db55321a","195.528592313877","No"
"0x7364710bc769f0fa6ac61afdae60d2c50b7ea173","1548.23962465246","No"
"0x7457b7fe819a8135439f7c8e6b2d85984be000e8","71202.5021003334","No"
"0x74c78ad3397245b1f1b9b61ce9b7fe8d9ec7d6d3","170.242193208286","No"
"0x74f3bd4d3bfe3b589c3bb151b46b6ad2d0c4a101","150000","No"
"0x75fa4420d221d5a956ad9a2192a72ce640492ced","12.3049507453163","No"
"0x76f0d29f004ec046d139a20831c65d9326888580","1128.32451737749","No"
"0x77b6a36002fe6f9fc91caa970a38aff586ef8abb","1126.04263214515","No"
"0x77fa7c931d04ca5e8c000d01b6d87380f9c0f3d0","21741.5480186476","No"
"0x783550ce0ca560bc55a9f1276640dd15ca876a34","5.75522636993808","No"
"0x7841270e572b4db544cd7b50e165f9abc5f2abf0","18140.9300794138","No"
"0x78ffe48d9d20dd06e82f10c06f500d8347c93f96","6744.91683891487","No"
"0x79bdda65c706cbda69c0ad4c8da1d3e91724f48d","43700","No"
"0x7a27b42cd3438c61b178c43b90f87c799eec450d","31000","No"
"0x7a7ad2839085a37e1dd9319852db4e9da63955fb","1000","No"
"0x7a817dabc34d9f809983a674fb6cacf449fdfced","78259.8852106097","No"
"0x7ad2e5d8746c05a872f78bd6bffc848d8d478823","2.06741044609178","No"
"0x7adeab1ba868587e7dc2dd13ca5b96324d2e7f90","2000","No"
"0x7b052756f8cb2fdcd9de2f1665d0d6648317346a","48522.4989294504","No"
"0x7b0614920fc139a11dafa7da457c1f7e131bcb7f","29.2791665023061","No"
"0x7bba80e55fed1812974ea0db50e58d3f82348c1b","12694.679650725","No"
"0x7c6f2068853adec2d324931d9e2c4bc3b5108b39","2000","No"
"0x7d747ae6dc13f4cf60ee00fa0839f7d456db984b","378920.214935655","No"
"0x7de0ab9fbba33d367851cf5ad6d12bdf256f0735","56250","No"
"0x7e034c94f9d9c51dbe169bc4d0b6b92f227395b1","11182.5095272181","No"
"0x7e9a81eecc978af145e00a795ce52d01170642b1","5171.45505099397","No"
"0x7eeb63ad0772f1c8ec4486e61e79860efe92cfb8","0.242277177214173","No"
"0x7f17d4a9444827f5729c3f9da53005c60861219e","107175.32957483","No"
"0x7f694be056572af49db3f913ffe53be84115bd6e","3117.10843373494","No"
"0x7f775984bf1403fc1faf198f44ece168120ce172","218239.566570257","No"
"0x7fc49223ab6ed377ddfa53ae3546e863a8e3086a","685.269522957872","No"
"0x80b93d82a72c019bec50c6b31d66f68016bf4293","6448.07081703131","No"
"0x80e0310b95cb13e886c712e6a7e5059bc9619f38","6750.93004978653","No"
"0x82dfd365d7a8c7ff3652878ac25528a6d3b9c346","547039.976684026","No"
"0x8361a2e5ec2b56d2305cf30beeec07f384d91144","3.93900181773784","No"
"0x83a110727d39159a65c835d0c6c162ebc01acaea","82428.6536353203","No"
"0x83bbe9cfcc205bb8e53cba0b51d6db9386ce58b5","43700","No"
"0x8690897f7b61b44d02d32f0610076fa49433414d","1","No"
"0x869547b4da827f73ff263864417f8712cd61db6c","4467.84824887276","No"
"0x869fccf7dab2bcd4cc1627f27cd93affd0d927c1","43750","No"
"0x872af3cb1dad88907f2944f166a98a9d4a86dd93","65.8490121125743","No"
"0x875e68e0f4e6c16360c39dbe29d5226ff1d30eab","5910.8833271821","No"
"0x87f9452e3dddda47a0d6a73fc242ca4db1131c85","6383.63833084682","No"
"0x89b7ac5c7c6e4dcd71737b5f25455be099e6af88","0.103451680551425","No"
"0x89bb1bd89c764e1c2d4aa6469062590732b26323","17.1477565427457","No"
"0x8ab49fd01b639055957790fa51b019b6219ef5fc","0.974393718178118","No"
"0x8de1014603b7f28a03fff13c3b1fa48f6dc1c51f","100000","No"
"0x8e14f987963431f4d48df40dc13a0f84e50da983","56819.6927724532","No"
"0x8e2a8d1d1c18fba96e8dca9cf664251998065e73","52475.6946633765","No"
"0x8e726c319e9f6871004f6956472e59fbb2f53fb0","100000","No"
"0x8ed6f448ad96aecb34f98a521f0fd3635b48f53f","26.852256136132","No"
"0x90b24962010861d351990c739201699e31f32f27","300417.274615466","No"
"0x916c5d61cf438072754f23d72ac9a48a2860617e","43700","No"
"0x91d46c1db8ff876f02e8db447c12850b87cd2ac2","1022110.15471874","No"
"0x9248dead25c2aa204cd17b82e947763bcf9b960d","229548.454124315","No"
"0x9252b2774d30052910244405d5eaf1628f404c33","43750","No"
"0x9260b5197ae1bd6634aaac26ad6a816f0ca74537","326161.272830817","No"
"0x926cd28a8be432ea41a1f95b8b5a52862d352c75","345451.235229109","No"
"0x92f092d7c8540f97b61c28aa9b8c14c3e42922ce","178.388750812442","No"
"0x9373c65b79aa23145a56b1a595d9fb5eb8fa8233","0.107180736082318","No"
"0x944f68c36bb0e602d6fb93dc24dde226482ed3c0","2757492.77350066","No"
"0x9578380ecb0bb6e546c89fb595090645f8abffa2","25645.8197908561","No"
"0x9679292157ab611121f85e43089ad8a1e98403d4","17677.6095927545","No"
"0x970c8efbb5e2a25a77f52f5d5e36f40980ef5744","2000","No"
"0x97bc61410994a0f5313c69766bad8f2ffb450d2b","120458.438963471","No"
"0x97c5a2337dbbca11a11b94a123f921380e776268","6610.81012883347","No"
"0x9804c3fdf14ed9e9fa21cf3755367a67e57e7066","10658.0166821131","No"
"0x98e54eb0d0b36fc347c7eab1ec18d6cd389662a5","1864.67429829095","No"
"0x98f92b5e762bd951b589eb932a0020c44ba99bcb","47802.2522730488","No"
"0x990ddf1b1801a42403b3ecfc2c5f4c969b6d3b9e","1.23565563471338","No"
"0x99873b7a96f3cf28966ed90e14b8f2e3bfd73296","274906.601253346","No"
"0x9a29e88a742f6444d22aee195704c9897ef82e26","570.898985143755","No"
"0x9a7a03cf3bc98eb0f2da1318b451e4f2604a65db","147.206566997105","No"
"0x9a9619ed4a8b7eb1e8481187d23d7bd40388ce20","1550.23594674574","No"
"0x9aa8cc57ef8793975f60e23611af8804070a4f22","97143.699767409","No"
"0x9b44c66b8ab3a74c3c760d568964af054dbe7083","24420.7599629286","No"
"0x9b66c4e05c730d475a342895df74b9594786792a","2594.4070200894","No"
"0x9c756dd681403a7859239159d2b84a6de0882047","2000","No"
"0x9cd349fb2cbd22ccff2da7962b6e853e0ef566e0","231463.665931817","No"
"0x9dfad69890e5be09e4ed7837b81d21193a12ccba","2000","No"
"0x9e2c70cbe27841c2af9b0348ed587a1e74f1ef85","1840.59314179796","No"
"0x9ec44dd4b69f62233393cd1abc39d9dd83517fd4","2000","No"
"0x9fc58084504de3fe33a494afa1e0d23bdca476a2","56250","No"
"0xa057145a5ae3a2a6a920c5e54cd82306402a7392","0.245750016799381","No"
"0xa0609b201bdb283fe507645c460a548acc5806dd","0.0270373392068068","No"
"0xa090d0a26b0305daf23f1c8594af99f357de87de","2621.09565665854","No"
"0xa0daf9390f9583caa32ae2d0d32518856939001a","31251","No"
"0xa151ef5d917a88d07499ad1e6a581bff183a7ab7","0.6270100185128","No"
"0xa1f81494dc3908af6601e91abcfba024b3537ac2","2878.41317154807","No"
"0xa37b0cda0c9ad6f27d757814241527fac667814f","4723.39827666793","No"
"0xa3af0280385265d0b5700c8cad15d5116cee4182","79803.786648291","No"
"0xa47636f56e0638bc61fd40034bf84eff600d9a78","2.6895559847139","No"
"0xa4b5741b8f0eaac20fdeab43f345c4ca1cc4a833","31527.2215116525","No"
"0xa4c7beea72615382f2e4a2ffa7a9ccebf2f9f699","1481.61493068943","No"
"0xa4fa98e80352077469a10d7616e011fa82dff2e5","150000","No"
"0xa536f063a73b279d0ba4b2fbe494169572c46e08","2000","No"
"0xa575ffd7935fcb6a672c2f6527768a8bc91f83e7","195914.306163298","No"
"0xa5ba9803ac627d8fdc7e89baefd7c5494bf8ef15","1212.65060240964","No"
"0xa618ee3cccbebd9bdf9b98ac04084733fa2fdb9e","43750","No"
"0xa664fc8075185500c4a321f399b49df47454ffa4","953.990340706034","No"
"0xa71276cacfd174a731800a106d580ebd19d7d539","14043.8363416853","No"
"0xa8e6d915816d5a9f15cf1c8d19cafe1bddc98bba","2000","No"
"0xa971182ceecaac649eb6e8d4800ed8ddf0312106","7.74805430361914","No"
"0xa9b65f647d1206c0fbc889e3feb6fe7112d9d781","848764.184838293","No"
"0xa9f64a875425dc9b45993edbbbb8d5d57dbfd095","9.8830279123628E-05","No"
"0xaa21505a90f5a5d1e40c39bd719f1b3bef843cbc","56200","No"
"0xaabbaa0499dad93b2c1fc8df7c70e5591d4eed98","1206.12372706556","No"
"0xaadb7cc8587ca5ae3e5c98b9e78f6024953c0bd0","1369.71057988229","No"
"0xaaff1ee99c147dc7d021bfeb49439100ba295fca","56250","No"
"0xab148fa5f7efd717af893cc1df0d670c5916872b","56200","No"
"0xab572fcd56b19cf30cb72e908086e02d36f813a1","61242.8919486217","No"
"0xac2048c35ed08adbb9c231686dfdf84f08af06ce","2413493.29683978","No"
"0xac580215d62ab41d2441188deaa00a9263339370","2000","No"
"0xad2866af3354061066a808819cfb8401c3b4128e","1056.06274894898","No"
"0xad5d63eec14d49e5592375387035673c27c4899a","49374.4207599629","No"
"0xad6173391234f57cf3a9d9dab4177d20a138e892","410.637088654042","No"
"0xad78f093f95f7ef3a49866e86450b84289b4a73c","2000","No"
"0xafdea505164347d7611a92a434cca79a0d06a0f3","274673.683708146","No"
"0xb0aa2636a59553a690e55eac9d9c1dfc25689b0f","33700","No"
"0xb0e5453ed14b2e17e41d35e114f5c530bd604361","9012.20617106523","No"
"0xb243edcefb3401ec5c582c68ec96164d5366f6c0","45.2861800629273","No"
"0xb38a90f14b24ae81ec0b8f1373694f5b59811d8a","9124.16692388082","No"
"0xb3c78e4e351c167d567b5c630729c8e862ab6198","32900","No"
"0xb421bda29de07c83af80ca20b7e8eadc1c724f74","19.4957853255657","No"
"0xb47bc7941fe5323659e8c69fa8eb7ebb1666fc3d","100000","No"
"0xb62d77084d5621053c4e04c1c64588f102738088","3000","No"
"0xb6395525819a4a3d74be262d1a9d0c7adfadac00","15.5267174758018","No"
"0xb666ad82f7c6ea1d32c4ed8a1232e1ccf919b5b9","1899","No"
"0xb6932ae987775fc317737d35e9df3cb7ccc9cfec","28752449.9316953","No"
"0xb7df15195cac8633e558007faabc3d808350fc33","75000","No"
"0xb86df3742772b3e5a5e3bcb6ad46c9493cf7c1bb","1445.78313253012","No"
"0xb8ba65f06dd4cfb770fd8d690d4dd71898aa2a4a","122157.763872604","No"
"0xb8fe5b77bbf0ab20b735d9f7f9f6a6e384b9ed10","31000","No"
"0xb985f02fa3723060e53daff8a2b629f6b6ee0809","150794.57465394","No"
"0xb9aa0ea3206cc142b414886bea17f317d008aa2b","13865.647397355","No"
"0xba0e2bcce1e4a49f140912acdde4c7474731dd68","500.457715991252","No"
"0xba6bf766823d7fec435c359afdb5e47ec96c10a9","0.968613588159246","No"
"0xba7dfd52abe67bfaff0ecae43a04331e4c87de63","37.7342974435372","No"
"0xba8f4384fb77dfcdd9e456115f75ee128d51a0f4","4338.95534574541","No"
"0xbb96e333cd0e4a4b350c122b235411329bd0d10b","153.420060590037","No"
"0xbc000f54b6f1c2c358ecb6f3109d5008966eedeb","1809064.75067245","No"
"0xbc0039323d66d98e5dc8aae04be91d2cd895ac32","5067.47448981756","No"
"0xbc0cbdb5d40aa7c24906f5d0ccade1df844f70af","17009.7445135211","No"
"0xbc7fd220988d38797efd6fe797ea627a15086add","2000","No"
"0xbcb5cae1e3d7b4626d857288028e58393311911d","1125.03062757962","No"
"0xbe75df43987258a9d5989596f367f3600e2c971c","2000","No"
"0xbedf3b616dac2a1c912b3666bf3c17cbdc967003","720951.318959262","No"
"0xc0bcd7735ccac6ea02bc9c53db48d9113493a21d","22000","No"
"0xc0dd4c08d34469704a7e8dc1642fa0c114d0b68c","1533.15569972197","No"
"0xc25d2aaf89c210ea565146fbeab166872646f9a1","43700","No"
"0xc2e5fc7be633171a66308117a7e3e60f4a6eb4e6","1","No"
"0xc3bf45c0138f25374c7800a932de3446ccc74e4c","2000","No"
"0xc3cf14393f6f5aa5bedc000f809efdf3d51406c0","7979.63789585663","No"
"0xc6a20f97bfe06287bc104bd0d0d3343a6da4a4ff","94669.5452904412","No"
"0xc6ef30e0bec5945e0133352cffcf0a7e2b14e6fc","80817.3289127602","No"
"0xc800ad406b36a2ef236f8094edf82c8e328d56c4","2197.68711069329","No"
"0xc842575acd573015c982421bd0b6607d498eecfe","2000","No"
"0xc84ee7d2b96e67d9c627ebb249090158fae38abf","71.3909427420589","No"
"0xc861cf149019229a33f3357f2ee7049812f10f88","26714.3998474691","No"
"0xc94c05e26920b907be12e795d8a1060abe965dfb","150000","No"
"0xc94dc73a2677e012fb6260c680ce5344e3aeaab8","50222.3029789306","No"
"0xc9e7d61bbdef3f821da08bfdb19a2bf7e0ec60b7","12416581.5796554","No"
"0xc9f7113042615ce4796f8cbbfa6f42170d908e05","10338106.7992701","No"
"0xca4e2f025c442f92a7147755ad514b902200b4e2","3521.77942539559","No"
"0xca5eb9220452163b70fd082616e63384be87e615","3225.63776696793","No"
"0xca9168b02396fbf3fbdba3ba0b9ea08a9e2eeee7","25388.8526906713","No"
"0xca93ae366528fb65d91553f1f15beef5deb4f928","2000","No"
"0xcad6fe3961d6f314ebca5380f56b2cd9780ad159","2000","No"
"0xcb0ef5afd5a3f8703cdcfbe55bf1407b84f0bc73","227186.497988825","No"
"0xcb5b0a1e8dd9d5d90e0a56095045fd2bc165504b","2000","No"
"0xcf68f41b8e1d57cf92fe9d64040093cd986b5c0c","0.0404138247033039","No"
"0xd32510594c24ca44fb1be0990633deccdcde055c","18453.8521121084","No"
"0xd32ff174c7ea82281b8fd22432edbff46925a875","27368.453367539","No"
"0xd3695d5ea14e4958aee9f6128d4c71b21f094dc4","0.499340309465138","No"
"0xd3b9d7766eb92826ec6e7e1c883890e5ba4420d0","1500","No"
"0xd3e2071e050be7a00e057490cb7e0183401e6483","9725.43208352048","No"
"0xd3e7e67a16cb45d5f3fddfa6c49685175a6e1aa8","213.372379296578","No"
"0xd498f99bafd467c5d06556d433ba89e52686f74b","2000","No"
"0xd504f7af75719a902af20f88bf9300d7b3ae6705","6000","No"
"0xd555f5e2c4971a7e9e61f4a80c90b18d0fb4d950","30","No"
"0xd5844c4157a8c4f3c113328c5e24d510b4b31be6","2000","No"
"0xd5f644fd8af2c4812de4f484dd3bb16a63e1514a","1","No"
"0xd5f652068f02a91d0ee5cbc8c226af61cb76efbc","1970.34519714444","No"
"0xd62d30a3f9794cecd426778e3d301e7c8534f488","48.2692577763527","No"
"0xd7613b407a9eb751f7e391aa2588063ee4e883d1","2000","No"
"0xd7854fc91f16a58d67ec3644981160b6ca9c41b8","2000","No"
"0xd7b522717a6cbe54d3d4ab67df96fcdf437eda69","34126.3401962968","No"
"0xd7c229252311cd1ae7c09217d561e381ac4c7b1e","57870.1706155156","No"
"0xd84a185d5ff025b917ced55a5a1fe88230572be6","3437906.4114699","No"
"0xd8e204dfa895aca115a42298094ab434a0077a39","31000","No"
"0xd91d5967e4fe2c2fb132d77e9a95cc4c17eb83d0","2158.08524752446","No"
"0xd942a89417310712383c11c1eed9ab93e9e5f913","10000","No"
"0xd9b74abc520a41029e5b2304ce229871673662bb","11809.3571461846","No"
"0xd9e03268f89f90edf0684ba86e9ffd44dd3bcc72","41654.7882808478","No"
"0xd9e4616edb3ba1532e9263f7ecc885458e1b5e3d","39139.4049392469","No"
"0xda8e300aef635cc3a841a34c5f71e46236cf5f96","10147.7550073568","No"
"0xdb8f6cc4fb142613b7cc1fd5a7e4062ef66b3129","4662.79626651082","No"
"0xdd3d81193dc9afe0a03f425baa6a081caedb32c4","724.736464007168","No"
"0xdd559e62c075d4146f4806d1ad22933bfd6e5201","0.0342875232930949","No"
"0xdd97b4220efbe2263d7f7435d044b40537d80618","1052.06559568747","No"
"0xddbd721d76e5d098b355ba02e75710be3bb55033","9620.53290085408","No"
"0xde3a7a5415852bdd0884714c63b0d3f30a124f75","304256.542210206","No"
"0xde74ad84c5d69c7c189f3e672803214eba876579","60000","No"
"0xdeeaca1abbd0c99a7b424cd0da9a7d37dc279d1d","13565.8679073702","No"
"0xe0059048642f6956230103198aaa46335b83f9ac","164.057549270469","No"
"0xe024eba9bbef88eab9ff11693d0d3b746dca8f51","1000","No"
"0xe025b8e376816818f42b39f96558312885c09833","2001","No"
"0xe0850282fa00b3f07d5f5d5837aa9bffc2a69f4c","1.12172926343929","No"
"0xe0c23bc0c58ff1d5c33213e1a3ae40314d828119","16880.421686813","No"
"0xe1277bfe55d8e9c5786cc12f2280ece5a32d0af2","816.936990352042","No"
"0xe127a0b0a1c1f283a467abee91a7072e249ccc75","155949.468457569","No"
"0xe2ae56ebd535ba8cab13b8e8f8bb09128434f909","2000","No"
"0xe2ff98cdbb1808a2c512de7f369cdcfba2ec8acb","1.95150361142206","No"
"0xe314e4f7a61950ad73f93c92f9a1f5770bf279bf","1800026.67411916","No"
"0xe3195d1bb34c7f484cf317af24b816faeb53b9e2","9796.22106695002","No"
"0xe340096bb9343cdb11f91eb51bbefe48a4d77c3e","0.277745063249857","No"
"0xe34a5982307e120785b0766e63d075aee9272d45","2919.71821887507","No"
"0xe3bc04f0d661fe29438aa35f80643cce0baa1e5b","5433.22657963561","No"
"0xe469220d444d4c30361f1416082ea4bf3f2a55b3","0.00484783919963533","No"
"0xe4b1b44bcea856ed75efc4a745057c0fcc26ab9a","11508.4930567895","No"
"0xe65130c719584a68d48e2968e79e19d5daf1e983","1042358.02175484","No"
"0xe67d3b0bdfd1d853fbce6c0898b464e332a67b18","2000","No"
"0xe6af4981323b4fb6b960e4d48a22dedffa739e7e","5294.01037111058","No"
"0xe8f2d7040e3ab046393f5ba5331245b318aa03dd","9703.42910101946","No"
"0xe91b1d34ae27a4ea7f8ef21a0367ec562d479fbd","56200","No"
"0xe92b9722f13fc74f83ffb5f38a943b6a902cee74","7815.87978161593","No"
"0xeb1127e6c774b9c9760f311c5d54a72fc0b84b74","43700","No"
"0xec04cfde3c2bd53d2e2b6ca19a8ca0ae69052775","5.86596387415829","No"
"0xed5a42f58d5dbde7e0cc122416a3540de6ccc6c3","2000","No"
"0xeeaf9f8e7a42273d091dd89091b16d3cf08b8101","11797.0621885857","No"
"0xf01d9114b780154b08b1515d7fa2808fdb691495","9.59104888791892","No"
"0xf11f4810403f3618aeb59c04fba8a992e9ae31f3","257268.558103739","No"
"0xf14e0a3e1c42da79e122ceafa03e94fad1480463","43750","No"
"0xf22fb7b3f11c155e21d0b652f9b82570804d267c","283.187571321661","No"
"0xf23c0223fea8f82cba535c85d07d9c4cc26ef1f7","5337.90546802595","No"
"0xf26814c5c55d6c5022f595a77a7e7c83af70b3a2","247.174811708561","No"
"0xf2ea41edc71209a2a844dfe6c9535341b9215fa7","225.480000441971","No"
"0xf341c9cbe31fc0cd43fd9226fd92ecd897e95518","8801.06580166893","No"
"0xf366500efe08aafc5fd5f809b8e0f286c6dd90e8","133204.113242837","No"
"0xf4d0ff6a2894d79d2d0e064c5fac1bdfb3bf5a05","0.298145563042098","No"
"0xf4e0684d63e054e9456f2ead38c6d1a13399dd0b","2000","No"
"0xf5c5121b8a142275d8cc46b0c62512f64f4b8d35","151469.724565387","No"
"0xf5f847dfbce1e9f2d13c87846f0f5202529e1c54","2000245.04346726","No"
"0xf619aeaac898f19e22d68ae4c146b5892bcd8671","0.546649853684866","No"
"0xf6d7ce03c7bfb0342013629ac52fdf615eb06f0b","8742.50177887046","No"
"0xf72387d28eead34f663b740f762744f4ccf240b2","0.176178838179856","No"
"0xf728d28fa57d2998fe0214bd67612cfff07e429b","3805.60704355885","No"
"0xf7337f95a2d5202e5dc783e1224b74a510b5dfa4","2000","No"
"0xf7434638a7d52e44859a55fcf7c13dc9ddc4b140","2000","No"
"0xf88ad3b20522c3655eec6c5d535b848f974a7d06","1000","No"
"0xf9bdaad36188776c069a79d359aa975574f2cc34","16476.5103932267","No"
"0xfa395e4c84077518ae680f6b6cb7ffce54d927d2","371989.946056492","No"
"0xfa6aef4656862b2b4c24764522172784eff57390","170020.761591704","No"
"0xfa8f997d56a21cd174e9337d7f4b6f7c0038edf6","0.861603258325718","No"
"0xfacec1c32ae56097866a6c1dda1124f2c6844f40","2635.6615351231","No"
"0xfb17d5cd85854b6bee89e714591de521f3169de5","13444.9766360618","No"
"0xfb242e38a3014441adc17dba27bee5c654228c8e","35108.5244682861","No"
"0xfc09bebc40518bdf99144b33f110b1768cde02c4","29095.7006761522","No"
"0xfc33d4910860258495f63cd79bb91354bf8bbb96","51356.317210515","No"
"0xfcc298dda47ac3b12de1fc5689e798ecaca3d558","56833.4068946335","No"
"0xfd1df59f5dc242701a85bd013c5295768be819a6","5000","No"
"0xfd4c9b57dc17699f9d4f58e50e1e91f6707779c6","2000","No"
"0xfe2a71c0d8a04a97605da850b884774a06867383","34000","No"
"0xfe7a244cf06e9296c3233f47b315a720bad542f7","64377979.5121921","No"
"0xfe846745662d4a2e7efb484c2e958ab1cfad5631","9946.92668810647","No"
"0xfe989a7fe9374232ed74ca3b408a3309ed61e1c9","2000","No"
